{
    "settings": {
        "WIDTH": 1000,
        "HEIGHT": 618
    },
    "information": {
        "name": "frost_8816",
        "high_store": 121,
        "apple": 298,
        "gold_apple": 21,
        "emerald": 403,
        "time": 2927743.707999999
    },
    "achievement": {
        "shoot_creeper": 1,
        "get_apple": 1,
        "gold_apple": 1,
        "group_arrow": 0,
        "farmer": 1,
        "farm_host": 1,
        "get_rich": 1,
        "moneybags": 1,
        "eat": 1
    }
}